{
  "user": [
    {
      "name": "Yashvant Kumar",
      "email": "Yashvant@gmail.com",
      "contact": "9898756453",
      "address": "New Delhi Lajpat Nager",
      "id": 1
    },
    {
      "name": "Vipin Kumar",
      "email": "Vipin@dgliger.com",
      "contact": "7832678902",
      "address": "Haryana",
      "id": 2
    },
    {
      "name": "Deepak Mehta",
      "email": "worfordeeep@gmail.com",
      "contact": "8383929705",
      "address": "Faridabad Haryana",
      "id": 3
    }
  ]
}